{
  "attributes": {
    "forge:step_height_addition": {
      "enabled": false,
      "min": {
        "default": -512,
        "value": -512
      },
      "max": {
        "default": 512,
        "value": 512
      }
    },
    "minecraft:generic.follow_range": {
      "enabled": true,
      "min": {
        "default": 0,
        "value": 0
      },
      "max": {
        "default": 2048,
        "value": 2048
      }
    },
    "irons_spellbooks:nature_spell_power": {
      "enabled": false,
      "min": {
        "default": -100,
        "value": -100
      },
      "max": {
        "default": 100,
        "value": 100
      }
    },
    "forge:entity_gravity": {
      "enabled": false,
      "min": {
        "default": -8,
        "value": -8
      },
      "max": {
        "default": 8,
        "value": 8
      }
    },
    "irons_spellbooks:nature_magic_resist": {
      "enabled": false,
      "min": {
        "default": -100,
        "value": -100
      },
      "max": {
        "default": 100,
        "value": 100
      }
    },
    "irons_spellbooks:lightning_magic_resist": {
      "enabled": false,
      "min": {
        "default": -100,
        "value": -100
      },
      "max": {
        "default": 100,
        "value": 100
      }
    },
    "irons_spellbooks:holy_magic_resist": {
      "enabled": false,
      "min": {
        "default": -100,
        "value": -100
      },
      "max": {
        "default": 100,
        "value": 100
      }
    },
    "minecraft:generic.luck": {
      "enabled": true,
      "min": {
        "default": -1024,
        "value": -1024
      },
      "max": {
        "default": 1024,
        "value": 1024
      }
    },
    "irons_spellbooks:fire_spell_power": {
      "enabled": false,
      "min": {
        "default": -100,
        "value": -100
      },
      "max": {
        "default": 100,
        "value": 100
      }
    },
    "eidolon:persistent_soul_hearts": {
      "enabled": false,
      "min": {
        "default": 0,
        "value": 0
      },
      "max": {
        "default": 2000,
        "value": 2000
      }
    },
    "forge:entity_reach": {
      "enabled": false,
      "min": {
        "default": 0,
        "value": 0
      },
      "max": {
        "default": 1024,
        "value": 1024
      }
    },
    "ars_nouveau:ars_nouveau.perk.saturation": {
      "enabled": false,
      "min": {
        "default": 0,
        "value": 0
      },
      "max": {
        "default": 10000,
        "value": 10000
      }
    },
    "irons_spellbooks:summon_damage": {
      "enabled": false,
      "min": {
        "default": -100,
        "value": -100
      },
      "max": {
        "default": 100,
        "value": 100
      }
    },
    "irons_spellbooks:eldritch_spell_power": {
      "enabled": false,
      "min": {
        "default": -100,
        "value": -100
      },
      "max": {
        "default": 100,
        "value": 100
      }
    },
    "eidolon:chanting_speed": {
      "enabled": false,
      "min": {
        "default": 0,
        "value": 0
      },
      "max": {
        "default": 100,
        "value": 100
      }
    },
    "additionalentityattributes:magic_protection": {
      "enabled": false,
      "min": {
        "default": 0,
        "value": 0
      },
      "max": {
        "default": 1024,
        "value": 1024
      }
    },
    "additionalentityattributes:lava_visibility": {
      "enabled": false,
      "min": {
        "default": 0,
        "value": 0
      },
      "max": {
        "default": 1024,
        "value": 1024
      }
    },
    "estrogen:boob_growing_start_time": {
      "enabled": false,
      "min": {
        "default": -1,
        "value": -1
      },
      "max": {
        "default": 9007199254740992,
        "value": 9007199254740992
      }
    },
    "irons_spellbooks:cast_time_reduction": {
      "enabled": false,
      "min": {
        "default": -100,
        "value": -100
      },
      "max": {
        "default": 100,
        "value": 100
      }
    },
    "additionalentityattributes:bonus_loot_count_rolls": {
      "enabled": false,
      "min": {
        "default": 0,
        "value": 0
      },
      "max": {
        "default": 128,
        "value": 128
      }
    },
    "additionalentityattributes:lung_capacity": {
      "enabled": false,
      "min": {
        "default": -40000,
        "value": -40000
      },
      "max": {
        "default": 40000,
        "value": 40000
      }
    },
    "irons_spellbooks:cooldown_reduction": {
      "enabled": false,
      "min": {
        "default": -100,
        "value": -100
      },
      "max": {
        "default": 100,
        "value": 100
      }
    },
    "irons_spellbooks:spell_power": {
      "enabled": false,
      "min": {
        "default": -100,
        "value": -100
      },
      "max": {
        "default": 100,
        "value": 100
      }
    },
    "estrogen:fall_damage_resistance": {
      "enabled": false,
      "min": {
        "default": 1,
        "value": 1
      },
      "max": {
        "default": 100,
        "value": 100
      }
    },
    "estrogen:show_boobs": {
      "enabled": false,
      "min": {
        "default": 0,
        "value": 0
      },
      "max": {
        "default": 1,
        "value": 1
      }
    },
    "minecraft:zombie.spawn_reinforcements": {
      "enabled": true,
      "min": {
        "default": 0,
        "value": 0
      },
      "max": {
        "default": 1,
        "value": 1
      }
    },
    "irons_spellbooks:ice_spell_power": {
      "enabled": false,
      "min": {
        "default": -100,
        "value": -100
      },
      "max": {
        "default": 100,
        "value": 100
      }
    },
    "minecraft:generic.attack_knockback": {
      "enabled": true,
      "min": {
        "default": 0,
        "value": 0
      },
      "max": {
        "default": 5,
        "value": 1000000
      }
    },
    "forge:swim_speed": {
      "enabled": false,
      "min": {
        "default": 0,
        "value": 0
      },
      "max": {
        "default": 1024,
        "value": 1024
      }
    },
    "ars_nouveau:ars_nouveau.perk.wixie": {
      "enabled": false,
      "min": {
        "default": 0,
        "value": 0
      },
      "max": {
        "default": 1024,
        "value": 1024
      }
    },
    "minecraft:generic.armor_toughness": {
      "enabled": true,
      "min": {
        "default": 0,
        "value": 0
      },
      "max": {
        "default": 20,
        "value": 1000000
      }
    },
    "additionalentityattributes:dig_speed": {
      "enabled": false,
      "min": {
        "default": 0,
        "value": 0
      },
      "max": {
        "default": 2048,
        "value": 2048
      }
    },
    "ars_nouveau:ars_elemental.perk.summon_power": {
      "enabled": false,
      "min": {
        "default": 0,
        "value": 0
      },
      "max": {
        "default": 10000,
        "value": 10000
      }
    },
    "eidolon:magic_power": {
      "enabled": false,
      "min": {
        "default": 0,
        "value": 0
      },
      "max": {
        "default": 10,
        "value": 10
      }
    },
    "irons_spellbooks:fire_magic_resist": {
      "enabled": false,
      "min": {
        "default": -100,
        "value": -100
      },
      "max": {
        "default": 100,
        "value": 100
      }
    },
    "irons_spellbooks:eldritch_magic_resist": {
      "enabled": false,
      "min": {
        "default": -100,
        "value": -100
      },
      "max": {
        "default": 100,
        "value": 100
      }
    },
    "irons_spellbooks:ender_spell_power": {
      "enabled": false,
      "min": {
        "default": -100,
        "value": -100
      },
      "max": {
        "default": 100,
        "value": 100
      }
    },
    "irons_spellbooks:holy_spell_power": {
      "enabled": false,
      "min": {
        "default": -100,
        "value": -100
      },
      "max": {
        "default": 100,
        "value": 100
      }
    },
    "additionalentityattributes:water_visibility": {
      "enabled": false,
      "min": {
        "default": 0,
        "value": 0
      },
      "max": {
        "default": 1024,
        "value": 1024
      }
    },
    "forge:nametag_distance": {
      "enabled": false,
      "min": {
        "default": 0,
        "value": 0
      },
      "max": {
        "default": 64,
        "value": 64
      }
    },
    "irons_spellbooks:blood_magic_resist": {
      "enabled": false,
      "min": {
        "default": -100,
        "value": -100
      },
      "max": {
        "default": 100,
        "value": 100
      }
    },
    "irons_spellbooks:evocation_magic_resist": {
      "enabled": false,
      "min": {
        "default": -100,
        "value": -100
      },
      "max": {
        "default": 100,
        "value": 100
      }
    },
    "forge:block_reach": {
      "enabled": false,
      "min": {
        "default": 0,
        "value": 0
      },
      "max": {
        "default": 1024,
        "value": 1024
      }
    },
    "additionalentityattributes:water_speed": {
      "enabled": false,
      "min": {
        "default": 0,
        "value": 0
      },
      "max": {
        "default": 1,
        "value": 1
      }
    },
    "minecraft:generic.attack_speed": {
      "enabled": true,
      "min": {
        "default": 0,
        "value": 0
      },
      "max": {
        "default": 1024,
        "value": 1024
      }
    },
    "ars_nouveau:ars_nouveau.perk.mana_regen": {
      "enabled": false,
      "min": {
        "default": 0,
        "value": 0
      },
      "max": {
        "default": 2000,
        "value": 2000
      }
    },
    "minecraft:generic.attack_damage": {
      "enabled": true,
      "min": {
        "default": 0,
        "value": 0
      },
      "max": {
        "default": 2048,
        "value": 1000000
      }
    },
    "ars_nouveau:ars_nouveau.perk.feather": {
      "enabled": false,
      "min": {
        "default": 0,
        "value": 0
      },
      "max": {
        "default": 1,
        "value": 1
      }
    },
    "irons_spellbooks:ender_magic_resist": {
      "enabled": false,
      "min": {
        "default": -100,
        "value": -100
      },
      "max": {
        "default": 100,
        "value": 100
      }
    },
    "minecraft:generic.armor": {
      "enabled": true,
      "min": {
        "default": 0,
        "value": 0
      },
      "max": {
        "default": 30,
        "value": 1000000
      }
    },
    "irons_spellbooks:evocation_spell_power": {
      "enabled": false,
      "min": {
        "default": -100,
        "value": -100
      },
      "max": {
        "default": 100,
        "value": 100
      }
    },
    "additionalentityattributes:critical_bonus_damage": {
      "enabled": false,
      "min": {
        "default": -1,
        "value": -1
      },
      "max": {
        "default": 1024,
        "value": 1024
      }
    },
    "irons_spellbooks:blood_spell_power": {
      "enabled": false,
      "min": {
        "default": -100,
        "value": -100
      },
      "max": {
        "default": 100,
        "value": 100
      }
    },
    "minecraft:generic.flying_speed": {
      "enabled": true,
      "min": {
        "default": 0,
        "value": 0
      },
      "max": {
        "default": 1024,
        "value": 1024
      }
    },
    "irons_spellbooks:lightning_spell_power": {
      "enabled": false,
      "min": {
        "default": -100,
        "value": -100
      },
      "max": {
        "default": 100,
        "value": 100
      }
    },
    "minecraft:generic.movement_speed": {
      "enabled": true,
      "min": {
        "default": 0,
        "value": 0
      },
      "max": {
        "default": 1024,
        "value": 1024
      }
    },
    "caelus:fall_flying": {
      "enabled": false,
      "min": {
        "default": 0,
        "value": 0
      },
      "max": {
        "default": 1,
        "value": 1
      }
    },
    "ars_nouveau:ars_nouveau.perk.max_mana": {
      "enabled": false,
      "min": {
        "default": 0,
        "value": 0
      },
      "max": {
        "default": 10000,
        "value": 10000
      }
    },
    "estrogen:boob_initial_size": {
      "enabled": false,
      "min": {
        "default": 0,
        "value": 0
      },
      "max": {
        "default": 1,
        "value": 1
      }
    },
    "botania:pixie_spawn_chance": {
      "enabled": false,
      "min": {
        "default": 0,
        "value": 0
      },
      "max": {
        "default": 1,
        "value": 1
      }
    },
    "irons_spellbooks:spell_resist": {
      "enabled": false,
      "min": {
        "default": -100,
        "value": -100
      },
      "max": {
        "default": 100,
        "value": 100
      }
    },
    "eidolon:max_soul_hearts": {
      "enabled": false,
      "min": {
        "default": 0,
        "value": 0
      },
      "max": {
        "default": 2000,
        "value": 2000
      }
    },
    "minecraft:generic.max_health": {
      "enabled": true,
      "min": {
        "default": 1,
        "value": 1
      },
      "max": {
        "default": 1024,
        "value": 1000000
      }
    },
    "irons_spellbooks:mana_regen": {
      "enabled": false,
      "min": {
        "default": 0,
        "value": 0
      },
      "max": {
        "default": 100,
        "value": 100
      }
    },
    "irons_spellbooks:ice_magic_resist": {
      "enabled": false,
      "min": {
        "default": -100,
        "value": -100
      },
      "max": {
        "default": 100,
        "value": 100
      }
    },
    "additionalentityattributes:lava_speed": {
      "enabled": false,
      "min": {
        "default": 0,
        "value": 0
      },
      "max": {
        "default": 1,
        "value": 1
      }
    },
    "additionalentityattributes:bonus_rare_loot_rolls": {
      "enabled": false,
      "min": {
        "default": 0,
        "value": 0
      },
      "max": {
        "default": 128,
        "value": 128
      }
    },
    "estrogen:dash_level": {
      "enabled": false,
      "min": {
        "default": 0,
        "value": 0
      },
      "max": {
        "default": 10,
        "value": 10
      }
    },
    "minecraft:horse.jump_strength": {
      "enabled": true,
      "min": {
        "default": 0,
        "value": 0
      },
      "max": {
        "default": 2,
        "value": 2
      }
    },
    "ars_nouveau:ars_nouveau.perk.spell_damage": {
      "enabled": false,
      "min": {
        "default": 0,
        "value": 0
      },
      "max": {
        "default": 10000,
        "value": 10000
      }
    },
    "ars_nouveau:ars_nouveau.perk.warding": {
      "enabled": false,
      "min": {
        "default": 0,
        "value": 0
      },
      "max": {
        "default": 1024,
        "value": 1024
      }
    },
    "irons_spellbooks:max_mana": {
      "enabled": false,
      "min": {
        "default": 0,
        "value": 0
      },
      "max": {
        "default": 1000000,
        "value": 1000000
      }
    },
    "minecraft:generic.knockback_resistance": {
      "enabled": true,
      "min": {
        "default": 0,
        "value": 0
      },
      "max": {
        "default": 1,
        "value": 1
      }
    },
    "additionalentityattributes:dropped_experience": {
      "enabled": false,
      "min": {
        "default": 0,
        "value": 0
      },
      "max": {
        "default": 1024,
        "value": 1024
      }
    }
  }
}